"center","student_stream","m_course","batch_count"
"",JEE MAIN + ADVANCED,ENTHUSE,4
AHMEDABAD,JEE MAIN,"NURTURE,ENTHUSE",38
AHMEDABAD,JEE MAIN + ADVANCED,"",17
AHMEDABAD,PRE-NURTURE,"",50
AHMEDABAD,JEE MAIN + ADVANCED,"CLASS X,ENTHUSE,NURTURE",9
ALLEN DIGITAL,JEE MAIN + ADVANCED,ENTHUSE,29
ALLEN DIGITAL,PRE-MEDICAL,"ENTHUSE,NURTURE,CLASS VI,CLASS VII,CLASS VIII,CLASS IX,CLASS X,LEADER,INTELLI BRAIN CLASS 0,ACHIEVER,INTELLI BRAIN CLASS 1,INTELLI BRAIN CLASS 2,INTELLI BRAIN CLASS 3,INTELLI BRAIN CLASS 4,INTELLI BRAIN CLASS 5",12
ALLEN DIGITAL,PRE-NURTURE,"",27
BENGALURU,JEE MAIN + ADVANCED,ENTHUSE,213
BENGALURU,PRE-MEDICAL,ENTHUSE,134
BENGALURU,PRE-NURTURE,CLASS VII,61
BENGALURU,PRE-NURTURE,"CLASS VI,CLASS VII",6
BENGALURU,PRE-NURTURE,"CLASS VI,CLASS VII,CLASS VIII",5
BHUBANESWAR,JEE MAIN + ADVANCED,ENTHUSE,66
BHUBANESWAR,JEE MAIN + ADVANCED,NURTURE,133
BHUBANESWAR,PRE-NURTURE,CLASS VI,35
BHUBANESWAR,PRE-MEDICAL,LEADER,48
BHUBANESWAR,PRE-MEDICAL,NURTURE,109
BHUBANESWAR,PRE-NURTURE,"CLASS VIII,CLASS IX,CLASS X",142
BHUBANESWAR,JEE MAIN + ADVANCED,CLASS X,24
BHUBANESWAR,PRE-MEDICAL,ACHIEVER,16
BILASPUR,PRE-MEDICAL,ENTHUSE,2
BUNDI,PRE-NURTURE,CLASS VII,5
BUNDI,PRE-NURTURE,CLASS IX,4
BUNDI,PRE-MEDICAL,CLASS X,7
BUNDI,JEE MAIN,CLASS X,1
CHANDIGARH,PRE-NURTURE,CLASS VIII,8
CHANDIGARH,PRE-MEDICAL,ENTHUSE,12
CHANDIGARH,PRE-NURTURE,"CLASS VIII,CLASS X",3
CHENNAI,PRE-NURTURE,CLASS VII,19
COIMBATORE,PRE-MEDICAL,LEADER,10
COIMBATORE,PRE-MEDICAL,ENTHUSE,9
COIMBATORE,PRE-NURTURE,CLASS VII,6
DEHRADUN,PRE-NURTURE,CLASS IX,15
DEHRADUN,JEE MAIN + ADVANCED,CLASS X,11
DELHI,PRE-NURTURE,"",47
DURGAPUR,JEE MAIN + ADVANCED,LEADER,7
DURGAPUR,PRE-NURTURE,CLASS X,10
DURGAPUR,PRE-NURTURE,"",7
HISAR,PRE-MEDICAL,ENTHUSE,5
HISAR,PRE-NURTURE,CLASS IX,4
HISAR,PRE-NURTURE,CLASS VII,1
JAMMU,PRE-MEDICAL,ENTHUSE,8
JODHPUR,JEE MAIN + ADVANCED,ENTHUSE,3
JODHPUR,JEE MAIN + ADVANCED,NURTURE,7
JODHPUR,PRE-MEDICAL,NURTURE,17
KOCHI,JEE MAIN + ADVANCED,NURTURE,23
KOCHI,PRE-NURTURE,CLASS IX,14
KOCHI,PRE-NURTURE,CLASS VI,7
KOLKATA,PRE-NURTURE,"",10
KOLKATA,PRE-NURTURE,CLASS X,20
KOLKATA,PRE-MEDICAL,NURTURE,20
KOTA,PRE-NURTURE,CLASS VIII,69
KOTA,PRE-NURTURE,CLASS VII,58
KOTA,JEE MAIN,NURTURE,42
KOTA,JEE MAIN,LEADER,55
KOTA,PRE-NURTURE,"INTELLI BRAIN CLASS 1,INTELLI BRAIN CLASS 2,INTELLI BRAIN CLASS 3,INTELLI BRAIN CLASS 4,INTELLI BRAIN CLASS 5",53
KOTA,JEE MAIN + ADVANCED,"NURTURE,ENTHUSE",5
KOTA,PRE-NURTURE,INTELLI BRAIN CLASS 0,310
KOTA,PRE-NURTURE,INTELLI BRAIN CLASS 5,33
KOTA,PRE-NURTURE,INTELLI BRAIN CLASS 2,8
KOTA,PRE-NURTURE,"INTELLI BRAIN CLASS 1,INTELLI BRAIN CLASS 2,INTELLI BRAIN CLASS 3,INTELLI BRAIN CLASS 4,INTELLI BRAIN CLASS 5,FACULTY TRAINING",18
KOTA,PRE-NURTURE,"CLASS VI,INTELLI BRAIN CLASS 4,INTELLI BRAIN CLASS 5",5
LATUR,JEE MAIN + ADVANCED,ENTHUSE,1
MANGALURU,PRE-MEDICAL,ENTHUSE,13
MANGALURU,JEE MAIN,NURTURE,7
MOHALI,PRE-MEDICAL,LEADER,9
MUMBAI,JEE MAIN,ENTHUSE,42
MUMBAI,JEE MAIN + ADVANCED,NURTURE,97
MUMBAI,PRE-NURTURE,CLASS X,28
MUMBAI,JEE MAIN + ADVANCED,"",50
MYSURU,PRE-MEDICAL,ENTHUSE,8
MYSURU,PRE-NURTURE,CLASS VIII,4
MYSURU,PRE-NURTURE,CLASS VII,2
NAGPUR,PRE-MEDICAL,ENTHUSE,14
NANDED,JEE MAIN + ADVANCED,NURTURE,12
NASHIK,PRE-MEDICAL,ENTHUSE,5
PANCHKULA,JEE MAIN + ADVANCED,ENTHUSE,5
PUDUCHERRY,PRE-MEDICAL,LEADER,13
PUDUCHERRY,PRE-NURTURE,CLASS VII,7
PUDUCHERRY,BOARD,ENTHUSE,5
PUNE,PRE-MEDICAL,ENTHUSE,35
PUNE,PRE-NURTURE,CLASS VIII,64
PUNE,PRE-NURTURE,CLASS VII,28
PUNE,PRE-MEDICAL,LEADER,19
RAIPUR,JEE MAIN + ADVANCED,NURTURE,25
RAIPUR,PRE-MEDICAL,NURTURE,27
RAIPUR,PRE-NURTURE,CLASS X,12
RAIPUR,PRE-NURTURE,"",11
RAJKOT,PRE-NURTURE,"",19
ROHTAK,PRE-MEDICAL,LEADER,5
ROHTAK,PRE-MEDICAL,NURTURE,6
SIKAR,JEE MAIN + ADVANCED,LEADER,20
SIKAR,PRE-MEDICAL,"ENTHUSE,LEADER",15
SIKAR,PRE-NURTURE,CLASS VI,10
SIKAR,PRE-NURTURE,"CLASS VI,CLASS IX,CLASS X,CLASS VIII,CLASS VII,INTELLI BRAIN CLASS 0",35
SILIGURI,JEE MAIN + ADVANCED,NURTURE,5
SILIGURI,PRE-MEDICAL,ENTHUSE,4
SURAT,PRE-MEDICAL,NURTURE,30
SURAT,PRE-MEDICAL,LEADER,23
SURAT,PRE-MEDICAL,ENTHUSE,12
SURAT,JEE MAIN + ADVANCED,ENTHUSE,12
TIRUPATI,PRE-NURTURE,CLASS IX,10
TIRUPATI,PRE-NURTURE,CLASS VIII,10
UJJAIN,JEE MAIN + ADVANCED,NURTURE,2
UJJAIN,JEE MAIN + ADVANCED,"",0
AMRITSAR,PRE-MEDICAL,LEADER,3
BHILWARA,PRE-MEDICAL,LEADER,2
CHANDIGARH,PRE-MEDICAL,LEADER,11
CHURU-TARANAGAR,PRE-NURTURE,CLASS IX,4
CHURU-TARANAGAR,JEE MAIN + ADVANCED,LEADER,5
CHURU-TARANAGAR,JEE MAIN + ADVANCED,NURTURE,11
DELHI,PRE-NURTURE,CLASS VIII,12
GWALIOR,PRE-MEDICAL,"LEADER,ACHIEVER",5
INDORE,JEE MAIN + ADVANCED,ENTHUSE,22
INDORE,JEE MAIN + ADVANCED,LEADER,10
BHUBANESWAR,PRE-MEDICAL,"NURTURE,LEADER",8
AHMEDABAD,JEE MAIN + ADVANCED,"ENTHUSE,NURTURE,LEADER",5
BENGALURU,PRE-NURTURE,"NURTURE,CLASS VIII",1
BHUBANESWAR,PRE-MEDICAL,"LEADER,ACHIEVER",49
AHMEDABAD,PRE-MEDICAL,CLASS X,1
AHMEDABAD,JEE MAIN + ADVANCED,"CLASS X,NURTURE,ENTHUSE",9
AHMEDABAD,JEE MAIN + ADVANCED,"NURTURE,ENTHUSE,LEADER",6
AHMEDABAD,JEE MAIN,"CLASS X,ENTHUSE,NURTURE",1
AHMEDABAD,PRE-MEDICAL,ENTHUSE,13
ALLEN DIGITAL,PRE-NURTURE,"CLASS VI,CLASS VII,CLASS VIII",54
ALLEN DIGITAL,PRE-NURTURE,CLASS IX,59
ALLEN DIGITAL,JEE MAIN,ENTHUSE,11
ALLEN DIGITAL,PRE-NURTURE,"CLASS VI,CLASS VII,CLASS VIII,CLASS IX,CLASS X",59
ALLEN DIGITAL,JEE MAIN + ADVANCED,"ENTHUSE,NURTURE,LEADER",7
ALLEN DIGITAL,JEE MAIN + ADVANCED,"ENTHUSE,LEADER",13
BENGALURU,PRE-NURTURE,"",70
BENGALURU,PRE-NURTURE,CLASS X,190
BENGALURU,JEE MAIN + ADVANCED,"",16
BENGALURU,PRE-NURTURE,"CLASS IX,CLASS X",67
BENGALURU,JEE MAIN + ADVANCED,LEADER,11
BHUBANESWAR,PRE-NURTURE,CLASS VIII,54
BHUBANESWAR,PRE-NURTURE,"CLASS VI,CLASS VII",46
BHUBANESWAR,JEE MAIN,NURTURE,2
BHUBANESWAR,PRE-NURTURE,"CLASS VII,CLASS VIII",48
BHUBANESWAR,PRE-NURTURE,"CLASS VIII,CLASS VI,CLASS VII",6
BULDANA,PRE-MEDICAL,ENTHUSE,2
CHANDIGARH,JEE MAIN + ADVANCED,NURTURE,69
CHANDIGARH,PRE-NURTURE,CLASS VI,2
CHANDIGARH,PRE-NURTURE,CLASS IX,15
CHENNAI,JEE MAIN + ADVANCED,NURTURE,111
CHENNAI,PRE-MEDICAL,LEADER,58
CHENNAI,PRE-NURTURE,CLASS X,57
CHENNAI,PRE-NURTURE,CLASS VI,13
COIMBATORE,JEE MAIN + ADVANCED,NURTURE,8
DEHRADUN,JEE MAIN + ADVANCED,ENTHUSE,7
DEHRADUN,PRE-NURTURE,CLASS X,9
DEHRADUN,PRE-NURTURE,"",11
DEHRADUN,PRE-NURTURE,CLASS VI,5
DURGAPUR,PRE-MEDICAL,NURTURE,19
DURGAPUR,PRE-MEDICAL,LEADER,18
DURGAPUR,JEE MAIN + ADVANCED,ENTHUSE,8
HISAR,JEE MAIN + ADVANCED,ENTHUSE,6
HISAR,PRE-NURTURE,CLASS VI,1
HISAR,JEE MAIN + ADVANCED,LEADER,4
HISAR,PRE-NURTURE,CLASS X,5
INDORE,PRE-MEDICAL,ENTHUSE,19
JAMMU,JEE MAIN + ADVANCED,ENTHUSE,7
JAMMU,JEE MAIN + ADVANCED,NURTURE,20
JAMMU,PRE-MEDICAL,NURTURE,19
JAMMU,JEE MAIN + ADVANCED,LEADER,3
JODHPUR,PRE-MEDICAL,LEADER,16
KOCHI,JEE MAIN + ADVANCED,ENTHUSE,11
KOCHI,PRE-MEDICAL,LEADER,12
KOCHI,PRE-MEDICAL,NURTURE,19
KOCHI,PRE-NURTURE,CLASS VIII,7
KOLKATA,JEE MAIN + ADVANCED,ENTHUSE,9
KOLKATA,PRE-NURTURE,CLASS IX,24
KOTA,PRE-MEDICAL,NURTURE,359
KOTA,JEE MAIN + ADVANCED,NURTURE,180
KOTA,PRE-MEDICAL,LEADER,212
KOTA,PRE-MEDICAL,ACHIEVER,300
KOTA,PRE-NURTURE,CLASS VI,50
KOTA,PRE-NURTURE,CLASS X,75
KOTA,PRE-NURTURE,"CLASS VI,CLASS VII,CLASS VIII,INTELLI BRAIN CLASS 1,INTELLI BRAIN CLASS 2,INTELLI BRAIN CLASS 3,INTELLI BRAIN CLASS 4,INTELLI BRAIN CLASS 5",69
KOTA,COMMERCE,"NURTURE,ENTHUSE",1
KOTA,PRE-NURTURE,"INTELLI BRAIN CLASS 1,INTELLI BRAIN CLASS 2",15
KOTA,PRE-NURTURE,"CLASS VIII,INTELLI BRAIN CLASS 0",2
LATUR,PRE-MEDICAL,NURTURE,9
MANGALURU,JEE MAIN + ADVANCED,LEADER,2
MANGALURU,JEE MAIN + ADVANCED,NURTURE,8
MANGALURU,PRE-NURTURE,CLASS VIII,3
MUMBAI,JEE MAIN,NURTURE,75
MUMBAI,PRE-MEDICAL,NURTURE,70
MUMBAI,PRE-MEDICAL,LEADER,73
MUMBAI,PRE-NURTURE,CLASS VII,2
MUMBAI,JEE MAIN,"",16
MUMBAI,PRE-NURTURE,CLASS VIII,10
MYSURU,PRE-MEDICAL,NURTURE,12
NAGPUR,PRE-NURTURE,"CLASS X,CLASS IX,CLASS VIII,CLASS VI,INTELLI BRAIN CLASS 0",3
PAAVAI,JEE MAIN + ADVANCED,ENTHUSE,6
PAAVAI,PRE-MEDICAL,NURTURE,8
PANCHKULA,PRE-NURTURE,CLASS IX,7
PUDUCHERRY,PRE-NURTURE,CLASS X,16
PUDUCHERRY,PRE-NURTURE,"CLASS VI,CLASS VII,CLASS VIII,CLASS IX,CLASS X",9
PUDUCHERRY,PRE-NURTURE,"CLASS VI,CLASS IX",4
PUDUCHERRY,PRE-NURTURE,"CLASS VI,CLASS VII,CLASS VIII",4
PUDUCHERRY,PRE-NURTURE,"CLASS VII,CLASS VIII,CLASS IX",4
PUDUCHERRY,PRE-NURTURE,"CLASS VIII,CLASS X",6
PUDUCHERRY,PRE-NURTURE,"CLASS VII,CLASS IX",4
PUNE,JEE MAIN + ADVANCED,NURTURE,128
PUNE,PRE-NURTURE,CLASS VI,36
PUNE,PRE-NURTURE,"",72
PUNE,JEE MAIN + ADVANCED,"",20
RAIPUR,PRE-NURTURE,CLASS IX,18
RAIPUR,PRE-MEDICAL,ENTHUSE,8
RAWATBHATA,PRE-NURTURE,CLASS VII,9
RAWATBHATA,PRE-NURTURE,CLASS VI,8
RAWATBHATA,PRE-NURTURE,CLASS IX,14
ROHTAK,JEE MAIN + ADVANCED,NURTURE,6
ROHTAK,PRE-NURTURE,CLASS X,1
SIKAR,PRE-NURTURE,CLASS IX,32
SIKAR,PRE-NURTURE,CLASS VIII,15
SIKAR,PRE-NURTURE,"CLASS VI,CLASS VII",6
SILIGURI,JEE MAIN + ADVANCED,LEADER,3
SILIGURI,JEE MAIN + ADVANCED,ENTHUSE,3
SILIGURI,PRE-NURTURE,CLASS X,3
TIRUPATI,PRE-NURTURE,CLASS X,12
UJJAIN,PRE-MEDICAL,ENTHUSE,2
ALLEN DIGITAL,PRE-MEDICAL,ACHIEVER,12
AMRITSAR,JEE MAIN + ADVANCED,NURTURE,4
BHILWARA,PRE-MEDICAL,ENTHUSE,3
BHILWARA,JEE MAIN + ADVANCED,ENTHUSE,4
CHANDIGARH,PRE-MEDICAL,ACHIEVER,1
CHURU-TARANAGAR,PRE-MEDICAL,ENTHUSE,6
CHURU-TARANAGAR,PRE-MEDICAL,NURTURE,11
CHURU-TARANAGAR,PRE-NURTURE,CLASS VI,4
DEHRADUN,PRE-MEDICAL,ACHIEVER,3
DELHI,PRE-NURTURE,CLASS X,16
GUWAHATI,PRE-NURTURE,CLASS IX,6
GWALIOR,PRE-MEDICAL,NURTURE,5
GWALIOR,PRE-MEDICAL,LEADER,3
GWALIOR,PRE-MEDICAL,ENTHUSE,5
BHUBANESWAR,JEE MAIN + ADVANCED,ACHIEVER,1
DEHRADUN,JEE MAIN + ADVANCED,"",2
BHOPAL,JEE MAIN + ADVANCED,ENTHUSE,7
"",JEE MAIN + ADVANCED,NURTURE,4
AHMEDABAD,JEE MAIN + ADVANCED,"NURTURE,ENTHUSE",59
AHMEDABAD,JEE MAIN,ENTHUSE,17
AHMEDABAD,JEE MAIN + ADVANCED,"NURTURE,ENTHUSE,LEADER,ACHIEVER,FACULTY TRAINING",6
AHMEDABAD,PRE-NURTURE,"CLASS VII,CLASS VIII",3
AHMEDABAD,PRE-NURTURE,CLASS IX,3
AHMEDABAD,JEE MAIN + ADVANCED,"ENTHUSE,NURTURE",4
ALLEN DIGITAL,PRE-NURTURE,CLASS X,61
ALLEN DIGITAL,PRE-NURTURE,CLASS VI,32
ALLEN DIGITAL,JEE MAIN + ADVANCED,LEADER,36
ALLEN DIGITAL,PRE-NURTURE,"CLASS IX,CLASS X",42
ALLEN DIGITAL,PRE-NURTURE,"ENTHUSE,NURTURE,CLASS VI,CLASS VII,CLASS VIII,CLASS IX,CLASS X,LEADER,INTELLI BRAIN CLASS 0,ACHIEVER,INTELLI BRAIN CLASS 1,INTELLI BRAIN CLASS 2,INTELLI BRAIN CLASS 3,INTELLI BRAIN CLASS 4,INTELLI BRAIN CLASS 5",60
ALLEN DIGITAL,JEE MAIN + ADVANCED,"ENTHUSE,NURTURE,CLASS VI,CLASS VII,CLASS VIII,CLASS IX,CLASS X,LEADER,INTELLI BRAIN CLASS 0,ACHIEVER,INTELLI BRAIN CLASS 1,INTELLI BRAIN CLASS 2,INTELLI BRAIN CLASS 3,INTELLI BRAIN CLASS 4,INTELLI BRAIN CLASS 5",9
ALLEN DIGITAL,JEE MAIN + ADVANCED,NURTURE,49
ALLEN DIGITAL,PRE-MEDICAL,"ENTHUSE,NURTURE,LEADER,ACHIEVER",9
ALLEN DIGITAL,PRE-NURTURE,"NURTURE,CLASS VI,CLASS VII,CLASS VIII",21
ALLEN DIGITAL,PRE-MEDICAL,"ENTHUSE,LEADER",11
ALLEN DIGITAL,JEE MAIN,"ENTHUSE,NURTURE,LEADER",3
ALLEN DIGITAL,PRE-MEDICAL,"NURTURE,ENTHUSE",24
ALLEN DIGITAL,PRE-MEDICAL,"NURTURE,LEADER",2
ALLEN DIGITAL,PRE-MEDICAL,"NURTURE,ENTHUSE,LEADER",12
ALLEN DIGITAL,JEE MAIN + ADVANCED,"",3
BENGALURU,PRE-MEDICAL,LEADER,45
BENGALURU,PRE-NURTURE,CLASS VIII,103
BENGALURU,PRE-MEDICAL,NURTURE,125
BENGALURU,JEE MAIN + ADVANCED,"NURTURE,ENTHUSE",3
BENGALURU,PRE-NURTURE,"CLASS VII,CLASS VIII",19
BHUBANESWAR,PRE-NURTURE,CLASS VII,41
BHUBANESWAR,PRE-MEDICAL,ENTHUSE,55
BHUBANESWAR,PRE-NURTURE,"CLASS VIII,CLASS IX",64
BHUBANESWAR,JEE MAIN + ADVANCED,"CLASS VIII,CLASS IX,CLASS X",22
BHUBANESWAR,PRE-NURTURE,"CLASS VI,CLASS VII,CLASS VIII",71
BHUBANESWAR,PRE-NURTURE,"CLASS VI,CLASS VII,CLASS VIII,CLASS IX,CLASS X",120
BILASPUR,PRE-MEDICAL,NURTURE,4
BUNDI,PRE-NURTURE,"CLASS VII,CLASS VIII",2
CHANDIGARH,JEE MAIN + ADVANCED,LEADER,8
CHANDIGARH,JEE MAIN + ADVANCED,CLASS X,14
CHANDIGARH,PRE-NURTURE,"CLASS VIII,CLASS IX",8
CHANDIGARH,PRE-MEDICAL,"ENTHUSE,LEADER",2
CHANDIGARH,PRE-MEDICAL,"CLASS VIII,CLASS X",1
CHENNAI,PRE-MEDICAL,ENTHUSE,64
CHENNAI,PRE-NURTURE,CLASS IX,63
CHENNAI,PRE-NURTURE,CLASS VIII,43
COIMBATORE,JEE MAIN + ADVANCED,ENTHUSE,7
COIMBATORE,PRE-MEDICAL,NURTURE,7
COIMBATORE,JEE MAIN + ADVANCED,LEADER,3
DEHRADUN,PRE-MEDICAL,NURTURE,26
DEHRADUN,PRE-NURTURE,CLASS VIII,7
DEHRADUN,PRE-MEDICAL,CLASS X,6
DEHRADUN,PRE-NURTURE,CLASS VII,6
DEHRADUN,PRE-NURTURE,"CLASS IX,CLASS VIII",1
DURGAPUR,JEE MAIN + ADVANCED,NURTURE,18
DURGAPUR,PRE-NURTURE,CLASS VIII,8
DURGAPUR,PRE-NURTURE,CLASS IX,14
DURGAPUR,PRE-MEDICAL,ACHIEVER,3
HISAR,PRE-MEDICAL,NURTURE,10
JAIPUR,STATE GOVERNMENT EXAMS,ACE GRADUATE,7
JAMMU,PRE-MEDICAL,LEADER,9
JODHPUR,PRE-MEDICAL,ENTHUSE,7
KOCHI,PRE-NURTURE,CLASS VII,8
KOLKATA,PRE-NURTURE,CLASS VIII,23
KOLKATA,PRE-MEDICAL,ENTHUSE,8
KOLKATA,PRE-NURTURE,"CLASS VIII,CLASS IX",5
KOTA,PRE-NURTURE,CLASS IX,92
KOTA,PRE-MEDICAL,CLASS X,4
KOTA,JEE MAIN + ADVANCED,ENTHUSE,79
KOTA,JEE MAIN,ENTHUSE,22
KOTA,JEE MAIN + ADVANCED,LEADER,46
KOTA,PRE-NURTURE,"CLASS VI,CLASS VII,CLASS VIII,INTELLI BRAIN CLASS 1,INTELLI BRAIN CLASS 2,INTELLI BRAIN CLASS 3,INTELLI BRAIN CLASS 4,INTELLI BRAIN CLASS 5,INTELLI BRAIN CLASS 0",118
KOTA,JEE MAIN,"LEADER,ACHIEVER",42
KOTA,PRE-NURTURE,"",111
KOTA,PRE-NURTURE,"CLASS VI,CLASS VII,INTELLI BRAIN CLASS 1,INTELLI BRAIN CLASS 2,INTELLI BRAIN CLASS 3,INTELLI BRAIN CLASS 4,INTELLI BRAIN CLASS 5,INTELLI BRAIN CLASS 0",19
LATUR,JEE MAIN + ADVANCED,NURTURE,13
MANGALURU,PRE-MEDICAL,NURTURE,9
MANGALURU,PRE-NURTURE,CLASS X,6
MOHALI,JEE MAIN + ADVANCED,ENTHUSE,9
MOHALI,PRE-MEDICAL,ENTHUSE,10
MUMBAI,PRE-MEDICAL,ENTHUSE,60
MUMBAI,PRE-NURTURE,CLASS IX,22
MUMBAI,COMMERCE,ACE XII,12
NAGPUR,JEE MAIN + ADVANCED,LEADER,2
NAGPUR,JEE MAIN + ADVANCED,ENTHUSE,18
NAGPUR,JEE MAIN + ADVANCED,NURTURE,34
NAGPUR,PRE-NURTURE,"",4
NASHIK,JEE MAIN,ENTHUSE,2
NASHIK,JEE MAIN + ADVANCED,NURTURE,7
NASHIK,PRE-NURTURE,CLASS X,1
PAAVAI,PRE-MEDICAL,ENTHUSE,6
PUDUCHERRY,PRE-MEDICAL,NURTURE,21
PUDUCHERRY,PRE-MEDICAL,ENTHUSE,12
PUDUCHERRY,PRE-NURTURE,"CLASS IX,CLASS X",7
PUDUCHERRY,PRE-NURTURE,"CLASS VI,CLASS VII,CLASS VIII,CLASS IX",11
PUDUCHERRY,PRE-NURTURE,"CLASS VII,CLASS VIII,CLASS X",4
PUDUCHERRY,PRE-NURTURE,"CLASS VI,CLASS VIII",2
PUNE,PRE-MEDICAL,NURTURE,106
PUNE,PRE-NURTURE,CLASS X,58
PUNE,JEE MAIN + ADVANCED,ENTHUSE,141
PUNE,PRE-MEDICAL,"",6
RAIPUR,PRE-NURTURE,CLASS VIII,11
RAWATBHATA,PRE-NURTURE,CLASS VIII,12
RAWATBHATA,PRE-NURTURE,"CLASS VIII,CLASS IX",4
SIKAR,JEE MAIN + ADVANCED,NURTURE,22
SIKAR,PRE-MEDICAL,ACHIEVER,15
SIKAR,PRE-NURTURE,CLASS X,24
SIKAR,PRE-MEDICAL,"NURTURE,LEADER",14
SILIGURI,PRE-NURTURE,CLASS VII,2
SILIGURI,PRE-MEDICAL,NURTURE,5
SILIGURI,PRE-MEDICAL,LEADER,6
TIRUPATI,JEE MAIN + ADVANCED,ENTHUSE,11
TIRUPATI,PRE-MEDICAL,LEADER,3
TIRUPATI,PRE-NURTURE,CLASS VI,5
TIRUPATI,PRE-MEDICAL,ENTHUSE,6
AHMEDABAD,PRE-NURTURE,CLASS VII,4
BENGALURU,PRE-NURTURE,"CLASS VI,CLASS X",4
BENGALURU,JEE MAIN,"NURTURE,ENTHUSE",5
BULDANA,PRE-MEDICAL,NURTURE,6
BULDANA,JEE MAIN + ADVANCED,NURTURE,6
CHANDIGARH,PRE-MEDICAL,CLASS X,11
CHANDIGARH,PRE-NURTURE,"CLASS IX,CLASS X",4
CHANDIGARH,PRE-NURTURE,CLASS X,1
COIMBATORE,PRE-NURTURE,CLASS VI,4
HISAR,PRE-MEDICAL,LEADER,7
KOLKATA,PRE-NURTURE,"CLASS IX,CLASS VIII",5
LATUR,PRE-MEDICAL,ENTHUSE,3
MUMBAI,COMMERCE,ACE XII PASSED,8
MUMBAI,COMMERCE,ACE XI,2
MYSURU,PRE-MEDICAL,LEADER,5
MYSURU,JEE MAIN + ADVANCED,ENTHUSE,8
MYSURU,PRE-NURTURE,CLASS X,5
MYSURU,PRE-NURTURE,CLASS IX,5
NAGPUR,PRE-MEDICAL,ACHIEVER,1
PAAVAI,PRE-MEDICAL,LEADER,2
PANCHKULA,JEE MAIN + ADVANCED,NURTURE,22
PANCHKULA,PRE-MEDICAL,ENTHUSE,1
PUDUCHERRY,PRE-NURTURE,"CLASS VII,CLASS VIII",4
PUDUCHERRY,PRE-NURTURE,"CLASS VII,CLASS X",5
RAWATBHATA,PRE-NURTURE,"CLASS VII,CLASS IX",5
ROHTAK,JEE MAIN + ADVANCED,LEADER,3
SRINAGAR,PRE-NURTURE,CLASS IX,2
UJJAIN,JEE MAIN + ADVANCED,ENTHUSE,2
BATHINDA,PRE-MEDICAL,LEADER,4
BATHINDA,PRE-MEDICAL,NURTURE,4
BHILWARA,JEE MAIN + ADVANCED,NURTURE,5
BHOPAL,PRE-MEDICAL,LEADER,5
CHURU-TARANAGAR,PRE-NURTURE,CLASS VII,5
CHURU-TARANAGAR,PRE-MEDICAL,LEADER,15
GUWAHATI,JEE MAIN + ADVANCED,NURTURE,12
GUWAHATI,PRE-MEDICAL,ENTHUSE,14
GUWAHATI,PRE-NURTURE,CLASS X,7
GWALIOR,JEE MAIN + ADVANCED,NURTURE,6
INDORE,JEE MAIN + ADVANCED,NURTURE,32
INDORE,PRE-MEDICAL,ACHIEVER,7
INDORE,PRE-MEDICAL,"LEADER,ACHIEVER",2
INDORE,JEE MAIN + ADVANCED,"ENTHUSE,LEADER",2
AHMEDABAD,JEE MAIN + ADVANCED,"ENTHUSE,LEADER",5
ALLEN DIGITAL,PRE-MEDICAL,"LEADER,ACHIEVER",8
BILASPUR,JEE MAIN + ADVANCED,NURTURE,2
CHANDIGARH,PRE-MEDICAL,"ENTHUSE,NURTURE",1
DELHI,PRE-MEDICAL,ENTHUSE,1
INDORE,PRE-NURTURE,CLASS VI,12
MOHALI,PRE-MEDICAL,CLASS X,3
MOHALI,PRE-NURTURE,CLASS VIII,3
MOHALI,JEE MAIN,ENTHUSE,1
PUNE,PRE-NURTURE,"CLASS VIII,CLASS VI,CLASS VII",48
RAWATBHATA,COMMERCE,CLASS X,2
SIKAR,PRE-NURTURE,"CLASS VI,CLASS IX,CLASS X,CLASS VIII,CLASS VII",10
SURAT,PRE-NURTURE,"CLASS VI,CLASS VII,CLASS VIII,CLASS IX,CLASS X",26
VADODARA,JEE MAIN + ADVANCED,CLASS X,10
CHANDIGARH,JEE MAIN,NURTURE,1
AHMEDABAD,JEE MAIN + ADVANCED,"NURTURE,ENTHUSE,LEADER,FACULTY TRAINING",1
BHOPAL,PRE-MEDICAL,ENTHUSE,5
DELHI,JEE MAIN + ADVANCED,LEADER,2
GUWAHATI,PRE-MEDICAL,"NURTURE,ENTHUSE",2
NANDED,PRE-MEDICAL,ENTHUSE,3
PAAVAI,PRE-NURTURE,CLASS VIII,1
PUDUCHERRY,PRE-NURTURE,CLASS VI,4
VADODARA,JEE MAIN + ADVANCED,"",3
RAWATBHATA,PRE-NURTURE,"CLASS VI,CLASS VII",5
ALLEN DIGITAL,JEE MAIN + ADVANCED,"ENTHUSE,NURTURE,LEADER,ACHIEVER",1
PUNE,"",CLASS X,1
UJJAIN,JEE MAIN,ENTHUSE,1
AMRITSAR,JEE MAIN + ADVANCED,LEADER,1
PUDUCHERRY,BOARD,"ENTHUSE,NURTURE",1
BENGALURU,JEE MAIN,"",0
PAVAAI,PRE-NURTURE,CLASS IX,1
BHUBANESWAR,JEE MAIN + ADVANCED,"CLASS VI,CLASS VII,CLASS VIII,CLASS IX,CLASS X,ENTHUSE,NURTURE,LEADER,INTELLI BRAIN CLASS 0,ACHIEVER",2
BHUBANESWAR,JEE MAIN + ADVANCED,"NURTURE,CLASS VIII,CLASS IX",1
AHMEDABAD,PRE-NURTURE,CLASS VIII,2
AHMEDABAD,JEE MAIN + ADVANCED,CLASS X,1
PAAVAI,PRE-NURTURE,CLASS VII,1
CHURU-TARANAGAR,JEE MAIN + ADVANCED,ENTHUSE,2
BENGALURU,JEE MAIN + ADVANCED,CLASS IX,1
MUMBAI,COMMERCE,NURTURE,2
BHUBANESWAR,JEE MAIN + ADVANCED,"ENTHUSE,NURTURE,LEADER,ACHIEVER",1
BHUBANESWAR,PRE-NURTURE,ENTHUSE,1
CHENNAI,PRE-NURTURE,"CLASS VII,CLASS VIII",5
INDORE,PRE-NURTURE,CLASS IX,16
INDORE,PRE-NURTURE,CLASS VII,16
NAGPUR,JEE MAIN + ADVANCED,"",3
NANDED,PRE-MEDICAL,NURTURE,6
PAVAAI,JEE MAIN + ADVANCED,NURTURE,2
PUNE,PRE-NURTURE,"CLASS IX,CLASS X",61
RAIPUR,PRE-NURTURE,"CLASS IX,CLASS VIII",3
RAWATBHATA,PRE-NURTURE,"CLASS VII,CLASS VIII",4
SIKAR,PRE-NURTURE,"CLASS VI,CLASS IX,CLASS VII",12
SIKAR,PRE-MEDICAL,ENTHUSE,16
SRINAGAR,PRE-MEDICAL,NURTURE,19
SRINAGAR,PRE-MEDICAL,ENTHUSE,10
SURAT,PRE-MEDICAL,CLASS X,1
TIRUPATI,PRE-MEDICAL,NURTURE,9
VADODARA,PRE-NURTURE,CLASS VIII,29
CHENNAI,JEE MAIN + ADVANCED,LEADER,7
KOTA,JEE MAIN + ADVANCED,"",4
RAIPUR,JEE MAIN + ADVANCED,"CLASS VIII,CLASS IX,CLASS X",7
AHMEDABAD,JEE MAIN,"",1
AHMEDABAD,PRE-NURTURE,"CLASS VIII,CLASS IX,CLASS X",8
BENGALURU,PRE-NURTURE,"CLASS VIII,NURTURE",2
BENGALURU,PRE-MEDICAL,"ENTHUSE,LEADER",2
BUNDI,PRE-NURTURE,CLASS VI,4
CHANDIGARH,PRE-NURTURE,"CLASS VIII,CLASS IX,CLASS X",5
COIMBATORE,PRE-NURTURE,CLASS X,7
DURGAPUR,PRE-NURTURE,CLASS VII,6
KOCHI,PRE-MEDICAL,ENTHUSE,9
KOTA,JEE MAIN + ADVANCED,CLASS X,6
MUMBAI,COMMERCE,"",4
RAWATBHATA,PRE-NURTURE,"CLASS VI,CLASS VIII",3
SURAT,JEE MAIN + ADVANCED,LEADER,2
DEHRADUN,JEE MAIN + ADVANCED,LEADER,3
PAVAAI,PRE-NURTURE,CLASS X,1
RAJKOT,PRE-NURTURE,CLASS IX,2
SIKAR,PRE-NURTURE,"CLASS IX,CLASS VIII",6
SRINAGAR,JEE MAIN + ADVANCED,ENTHUSE,4
VADODARA,JEE MAIN + ADVANCED,"NURTURE,CLASS X",2
KOTA,"",LEADER,1
BENGALURU,PRE-MEDICAL,"NURTURE,ENTHUSE",2
BHUBANESWAR,PRE-NURTURE,"CLASS VIII,CLASS IX,CLASS X,CLASS VI,CLASS VII",3
BUNDI,PRE-NURTURE,"CLASS IX,CLASS X",2
JAMMU,JEE MAIN,NURTURE,1
SILIGURI,PRE-NURTURE,CLASS VIII,2
UJJAIN,PRE-MEDICAL,"",0
UJJAIN,JEE MAIN,NURTURE,1
BATHINDA,JEE MAIN + ADVANCED,ENTHUSE,1
BATHINDA,JEE MAIN + ADVANCED,LEADER,1
BENGALURU,JEE MAIN + ADVANCED,"CLASS VIII,NURTURE",3
PAVAAI,PRE-NURTURE,CLASS VI,1
PUNE,PRE-NURTURE,"CLASS X,CLASS IX",2
PUNE,"","CLASS IX,CLASS X",1
KOTA,PRE-MEDICAL,"NURTURE,ENTHUSE",1
MYSURU,JEE MAIN + ADVANCED,LEADER,2
ROHTAK,PRE-NURTURE,CLASS VI,1
VADODARA,JEE MAIN,"",1
BENGALURU,PRE-MEDICAL,"ENTHUSE,NURTURE",1
AHMEDABAD,JEE MAIN,"CLASS X,NURTURE,ENTHUSE",1
AHMEDABAD,JEE MAIN,NURTURE,37
AHMEDABAD,JEE MAIN + ADVANCED,ENTHUSE,28
AHMEDABAD,JEE MAIN + ADVANCED,NURTURE,50
AHMEDABAD,PRE-NURTURE,CLASS VI,1
AHMEDABAD,PRE-MEDICAL,NURTURE,14
AHMEDABAD,PRE-NURTURE,CLASS X,6
ALLEN DIGITAL,PRE-NURTURE,CLASS VII,37
ALLEN DIGITAL,PRE-MEDICAL,NURTURE,40
ALLEN DIGITAL,PRE-MEDICAL,ENTHUSE,32
ALLEN DIGITAL,PRE-MEDICAL,LEADER,34
ALLEN DIGITAL,PRE-NURTURE,CLASS VIII,40
ALLEN DIGITAL,JEE MAIN + ADVANCED,"NURTURE,ENTHUSE,LEADER",17
ALLEN DIGITAL,JEE MAIN,"NURTURE,ENTHUSE,LEADER",7
ALLEN DIGITAL,JEE MAIN,LEADER,10
ALLEN DIGITAL,PRE-NURTURE,"CLASS X,CLASS VI,CLASS VII,CLASS VIII,CLASS IX",18
BENGALURU,PRE-NURTURE,CLASS IX,194
BENGALURU,JEE MAIN + ADVANCED,NURTURE,236
BENGALURU,JEE MAIN,ENTHUSE,85
BENGALURU,JEE MAIN,NURTURE,86
BENGALURU,PRE-NURTURE,CLASS VI,46
BENGALURU,ALLEN GLOBAL STUDIES DIVISION,NURTURE,3
BHUBANESWAR,PRE-NURTURE,CLASS X,33
BHUBANESWAR,PRE-NURTURE,CLASS IX,60
BHUBANESWAR,JEE MAIN + ADVANCED,LEADER,29
BHUBANESWAR,PRE-MEDICAL,"CLASS VIII,CLASS IX,CLASS X",8
BHUBANESWAR,PRE-NURTURE,"CLASS IX,CLASS X",66
BHUBANESWAR,PRE-MEDICAL,CLASS X,14
BHUBANESWAR,PRE-MEDICAL,"",9
BHUBANESWAR,JEE MAIN + ADVANCED,"",9
BULDANA,JEE MAIN + ADVANCED,ENTHUSE,2
CHANDIGARH,JEE MAIN + ADVANCED,ENTHUSE,18
CHANDIGARH,PRE-NURTURE,CLASS VII,4
CHANDIGARH,PRE-MEDICAL,NURTURE,43
CHENNAI,PRE-MEDICAL,NURTURE,136
CHENNAI,JEE MAIN + ADVANCED,ENTHUSE,59
CHENNAI,PRE-MEDICAL,"NURTURE,ENTHUSE",11
COIMBATORE,PRE-NURTURE,CLASS VIII,6
COIMBATORE,PRE-NURTURE,CLASS IX,8
DEHRADUN,JEE MAIN + ADVANCED,NURTURE,36
DEHRADUN,PRE-MEDICAL,ENTHUSE,7
DURGAPUR,PRE-MEDICAL,ENTHUSE,11
DURGAPUR,PRE-NURTURE,CLASS VI,6
HISAR,JEE MAIN + ADVANCED,NURTURE,11
JAIPUR,MANAGEMENT,ACE XI,2
JODHPUR,PRE-MEDICAL,ACHIEVER,3
KOCHI,PRE-NURTURE,CLASS X,10
KOLKATA,PRE-MEDICAL,LEADER,17
KOLKATA,JEE MAIN + ADVANCED,LEADER,8
KOLKATA,JEE MAIN + ADVANCED,NURTURE,34
KOTA,PRE-MEDICAL,ENTHUSE,192
KOTA,PRE-NURTURE,INTELLI BRAIN CLASS 4,30
KOTA,PRE-NURTURE,NURTURE,1
KOTA,PRE-NURTURE,INTELLI BRAIN CLASS 3,28
KOTA,PRE-NURTURE,INTELLI BRAIN CLASS 1,7
KOTA,PRE-NURTURE,"CLASS VI,CLASS VII,CLASS VIII,INTELLI BRAIN CLASS 1,INTELLI BRAIN CLASS 2,INTELLI BRAIN CLASS 3,INTELLI BRAIN CLASS 4,INTELLI BRAIN CLASS 5,INTELLI BRAIN CLASS 0,FACULTY TRAINING",34
LATUR,PRE-MEDICAL,LEADER,7
MANGALURU,PRE-NURTURE,CLASS IX,4
MOHALI,PRE-MEDICAL,NURTURE,40
MUMBAI,JEE MAIN + ADVANCED,ENTHUSE,71
MUMBAI,JEE MAIN + ADVANCED,LEADER,12
MUMBAI,PRE-MEDICAL,"",27
MUMBAI,PRE-NURTURE,"",47
MYSURU,JEE MAIN + ADVANCED,NURTURE,12
NASHIK,PRE-MEDICAL,NURTURE,10
NASHIK,JEE MAIN + ADVANCED,ENTHUSE,4
NASHIK,PRE-MEDICAL,LEADER,2
PAAVAI,PRE-NURTURE,CLASS VI,1
PANCHKULA,PRE-MEDICAL,NURTURE,11
PANCHKULA,PRE-NURTURE,CLASS X,8
PUDUCHERRY,JEE MAIN + ADVANCED,NURTURE,17
PUDUCHERRY,PRE-NURTURE,CLASS IX,19
PUDUCHERRY,BOARD,NURTURE,3
PUDUCHERRY,BOARD,"NURTURE,ENTHUSE",8
PUDUCHERRY,JEE MAIN + ADVANCED,"NURTURE,ENTHUSE",4
PUDUCHERRY,PRE-MEDICAL,"NURTURE,ENTHUSE",8
PUNE,PRE-NURTURE,CLASS IX,120
PUNE,JEE MAIN + ADVANCED,LEADER,15
RAIPUR,JEE MAIN + ADVANCED,LEADER,7
RAIPUR,PRE-MEDICAL,LEADER,15
RAIPUR,JEE MAIN + ADVANCED,ENTHUSE,9
RAIPUR,PRE-MEDICAL,ACHIEVER,4
RAWATBHATA,PRE-NURTURE,"",14
RAWATBHATA,PRE-NURTURE,CLASS X,6
RAWATBHATA,PRE-NURTURE,"CLASS VI,CLASS X",5
RAWATBHATA,PRE-NURTURE,"CLASS VIII,CLASS X",4
ROHTAK,PRE-NURTURE,CLASS IX,1
SIKAR,PRE-MEDICAL,NURTURE,20
SIKAR,JEE MAIN + ADVANCED,ENTHUSE,12
SIKAR,PRE-MEDICAL,"LEADER,ACHIEVER",4
SIKAR,PRE-MEDICAL,"",3
SIKAR,PRE-NURTURE,CLASS VII,11
SRINAGAR,PRE-MEDICAL,LEADER,9
SRINAGAR,PRE-NURTURE,"CLASS IX,CLASS X",6
SURAT,JEE MAIN + ADVANCED,NURTURE,34
SURAT,JEE MAIN,ENTHUSE,9
SURAT,JEE MAIN,NURTURE,20
UJJAIN,PRE-MEDICAL,LEADER,5
AMRITSAR,PRE-MEDICAL,ENTHUSE,2
BATHINDA,JEE MAIN + ADVANCED,NURTURE,7
BHOPAL,JEE MAIN + ADVANCED,NURTURE,7
GUWAHATI,JEE MAIN + ADVANCED,ENTHUSE,11
GUWAHATI,PRE-MEDICAL,LEADER,15
GUWAHATI,PRE-NURTURE,CLASS VII,3
GWALIOR,JEE MAIN + ADVANCED,ENTHUSE,6
INDORE,PRE-MEDICAL,NURTURE,25
INDORE,PRE-MEDICAL,LEADER,35
INDORE,JEE MAIN,LEADER,4
AHMEDABAD,PRE-NURTURE,"INTELLI BRAIN CLASS 0,CLASS X,CLASS IX,CLASS VIII,CLASS VII,CLASS VI,ENTHUSE,NURTURE,LEADER,INTELLI BRAIN CLASS 5",2
AHMEDABAD,JEE MAIN + ADVANCED,"INTELLI BRAIN CLASS 0,CLASS X,CLASS IX,CLASS VIII,CLASS VII,CLASS VI,ENTHUSE,NURTURE,LEADER,INTELLI BRAIN CLASS 5",3
ALLEN DIGITAL,JEE MAIN + ADVANCED,"NURTURE,ENTHUSE",4
BENGALURU,PRE-NURTURE,"CLASS VII,CLASS VI,CLASS VIII",6
BHOPAL,JEE MAIN + ADVANCED,LEADER,2
DELHI,PRE-NURTURE,CLASS IX,14
DELHI,JEE MAIN + ADVANCED,NURTURE,5
INDORE,PRE-NURTURE,CLASS VIII,16
KOTA,JEE MAIN,"NURTURE,ENTHUSE",3
MOHALI,JEE MAIN + ADVANCED,NURTURE,35
NAGPUR,JEE MAIN + ADVANCED,"ENTHUSE,NURTURE",2
PANCHKULA,PRE-MEDICAL,CLASS X,3
PAVAAI,JEE MAIN + ADVANCED,ENTHUSE,6
ALLEN DIGITAL,PRE-MEDICAL,"",0
BUNDI,PRE-NURTURE,CLASS X,2
BUNDI,JEE MAIN + ADVANCED,CLASS X,7
CHANDIGARH,JEE MAIN,LEADER,1
COIMBATORE,JEE MAIN + ADVANCED,"LEADER,NURTURE",1
KOLKATA,PRE-MEDICAL,ACHIEVER,6
LATUR,JEE MAIN + ADVANCED,"",0
MOHALI,JEE MAIN + ADVANCED,LEADER,4
NAGPUR,PRE-MEDICAL,LEADER,4
NANDED,JEE MAIN + ADVANCED,ENTHUSE,10
PAAVAI,JEE MAIN + ADVANCED,NURTURE,8
PAAVAI,JEE MAIN + ADVANCED,LEADER,2
PANCHKULA,PRE-NURTURE,CLASS VIII,4
RAWATBHATA,PRE-NURTURE,"CLASS VI,CLASS IX",5
SIKAR,PRE-MEDICAL,LEADER,14
UJJAIN,JEE MAIN + ADVANCED,LEADER,1
AMRITSAR,JEE MAIN + ADVANCED,ENTHUSE,2
CHURU-TARANAGAR,PRE-NURTURE,CLASS X,4
GUWAHATI,PRE-MEDICAL,NURTURE,13
GUWAHATI,PRE-NURTURE,CLASS VIII,6
DURGAPUR,PRE-MEDICAL,"",0
MOHALI,JEE MAIN + ADVANCED,CLASS X,4
PUNE,JEE MAIN + ADVANCED,CLASS X,22
PUNE,PRE-NURTURE,"CLASS VI,CLASS VII,CLASS VIII",44
RAIPUR,PRE-NURTURE,"CLASS IX,CLASS VIII,CLASS X",15
RAJKOT,PRE-NURTURE,CLASS VI,6
RAWATBHATA,PRE-MEDICAL,CLASS X,9
RAWATBHATA,JEE MAIN + ADVANCED,CLASS X,8
RAWATBHATA,JEE MAIN + ADVANCED,"",3
RAIPUR,PRE-NURTURE,NURTURE,13
RAIPUR,PRE-MEDICAL,"",3
SIKAR,PRE-NURTURE,"",19
SIKAR,PRE-NURTURE,"CLASS IX,CLASS X",5
TIRUPATI,JEE MAIN + ADVANCED,NURTURE,11
VADODARA,PRE-NURTURE,CLASS IX,21
VADODARA,JEE MAIN,CLASS X,8
BENGALURU,PRE-NURTURE,"CLASS VI,CLASS IX",2
RAIPUR,PRE-MEDICAL,"CLASS VIII,CLASS IX,CLASS X",5
RAJKOT,JEE MAIN + ADVANCED,ENTHUSE,1
BHUBANESWAR,BOARD,NURTURE,6
AHMEDABAD,PRE-NURTURE,"CLASS X,NURTURE,ENTHUSE",1
ALLEN DIGITAL,JEE MAIN,NURTURE,1
ALLEN DIGITAL,JEE MAIN,"ENTHUSE,NURTURE,CLASS VI,CLASS VII,CLASS VIII,CLASS IX,CLASS X,LEADER,INTELLI BRAIN CLASS 0,ACHIEVER,INTELLI BRAIN CLASS 1,INTELLI BRAIN CLASS 2,INTELLI BRAIN CLASS 3,INTELLI BRAIN CLASS 4,INTELLI BRAIN CLASS 5",4
LATUR,JEE MAIN + ADVANCED,LEADER,2
MANGALURU,PRE-NURTURE,"NURTURE,ENTHUSE,CLASS X,CLASS VIII,CLASS IX,LEADER",1
NASHIK,JEE MAIN,NURTURE,3
PAAVAI,PRE-NURTURE,CLASS X,3
PUDUCHERRY,PRE-NURTURE,CLASS VIII,7
PANCHKULA,PRE-NURTURE,CLASS VII,1
KOTA,COMMERCE,ACE XII PASSED,2
AHMEDABAD,PRE-NURTURE,"INTELLI BRAIN CLASS 0,CLASS X,CLASS IX,CLASS VIII,CLASS VII,CLASS VI,INTELLI BRAIN CLASS 5",1
ALLEN DIGITAL,JEE MAIN,"",0
BHUBANESWAR,PRE-MEDICAL,"CLASS IX,CLASS X",3
PAVAAI,PRE-MEDICAL,NURTURE,3
BENGALURU,PRE-MEDICAL,"NURTURE,LEADER",2
KOTA,COMMERCE,LEADER,1
RAWATBHATA,PRE-NURTURE,"CLASS VII,CLASS X",5
SRINAGAR,JEE MAIN + ADVANCED,LEADER,1
BHOPAL,PRE-MEDICAL,ACHIEVER,1
BHUBANESWAR,PRE-MEDICAL,"ENTHUSE,NURTURE,LEADER,ACHIEVER",50
BHUBANESWAR,JEE MAIN + ADVANCED,"LEADER,ACHIEVER",15
CHENNAI,PRE-NURTURE,"CLASS IX,CLASS X",5
DELHI,PRE-MEDICAL,NURTURE,2
DELHI,JEE MAIN + ADVANCED,ENTHUSE,4
DURGAPUR,PRE-NURTURE,"CLASS VIII,CLASS IX",3
INDORE,PRE-NURTURE,CLASS X,18
KOCHI,PRE-NURTURE,"CLASS VIII,CLASS IX,CLASS X",15
KOTA,PRE-NURTURE,ENTHUSE,3
MANGALURU,JEE MAIN + ADVANCED,ENTHUSE,10
MOHALI,PRE-NURTURE,CLASS IX,4
NAGPUR,PRE-MEDICAL,NURTURE,22
PANCHKULA,JEE MAIN + ADVANCED,CLASS X,3
PAVAAI,PRE-MEDICAL,ENTHUSE,8
PUNE,PRE-MEDICAL,CLASS X,7
PUNE,PRE-NURTURE,ENTHUSE,8
RAIPUR,PRE-MEDICAL,CLASS X,5
RAIPUR,JEE MAIN + ADVANCED,CLASS X,11
RAIPUR,PRE-NURTURE,"CLASS VIII,CLASS IX,CLASS X",10
RAJKOT,PRE-NURTURE,CLASS X,6
SIKAR,JEE MAIN + ADVANCED,"",4
SRINAGAR,JEE MAIN + ADVANCED,NURTURE,6
SURAT,JEE MAIN,CLASS X,1
TIRUPATI,PRE-NURTURE,CLASS VII,10
VADODARA,JEE MAIN,NURTURE,10
VADODARA,PRE-NURTURE,CLASS VII,17
VADODARA,PRE-MEDICAL,CLASS X,6
VADODARA,PRE-NURTURE,CLASS VI,10
AHMEDABAD,PRE-NURTURE,NURTURE,1
AHMEDABAD,PRE-NURTURE,"CLASS VIII,CLASS IX",6
ALLEN DIGITAL,JEE MAIN,"ENTHUSE,LEADER",4
BILASPUR,JEE MAIN + ADVANCED,ENTHUSE,2
BUNDI,COMMERCE,CLASS X,1
CHANDIGARH,JEE MAIN + ADVANCED,"CLASS VIII,CLASS X",1
DEHRADUN,PRE-NURTURE,"CLASS VII,CLASS VI",2
DURGAPUR,JEE MAIN + ADVANCED,"",0
JAIPUR,MANAGEMENT,ACE GRADUATE,8
JODHPUR,JEE MAIN + ADVANCED,LEADER,2
KOCHI,JEE MAIN + ADVANCED,LEADER,4
KOTA,COMMERCE,NURTURE,9
KOTA,JEE MAIN,ACHIEVER,3
MUMBAI,PRE-NURTURE,CLASS VI,2
NANDED,JEE MAIN + ADVANCED,LEADER,1
NASHIK,JEE MAIN + ADVANCED,LEADER,1
RAIPUR,PRE-MEDICAL,"LEADER,ACHIEVER",4
RAWATBHATA,PRE-NURTURE,"CLASS VIII,CLASS IX,CLASS X",3
ROHTAK,JEE MAIN + ADVANCED,ENTHUSE,1
ROHTAK,PRE-NURTURE,CLASS VII,1
SIKAR,PRE-NURTURE,"CLASS VIII,CLASS IX,CLASS X",3
SILIGURI,PRE-NURTURE,CLASS IX,3
UJJAIN,PRE-MEDICAL,NURTURE,2
AMRITSAR,PRE-MEDICAL,NURTURE,3
BATHINDA,PRE-MEDICAL,ENTHUSE,1
BHILWARA,PRE-MEDICAL,NURTURE,4
AHMEDABAD,PRE-MEDICAL,"",3
AHMEDABAD,PRE-NURTURE,"CLASS X,ENTHUSE,NURTURE",2
AHMEDABAD,JEE MAIN,"NURTURE,ENTHUSE,LEADER",1
BUNDI,PRE-NURTURE,CLASS VIII,4
HISAR,PRE-NURTURE,CLASS VIII,3
JAIPUR,LAW,ACE XII PASSED,1
MYSURU,JEE MAIN,NURTURE,4
PUDUCHERRY,JEE MAIN + ADVANCED,ENTHUSE,10
RAIPUR,PRE-NURTURE,INTELLI BRAIN CLASS 0,4
ROHTAK,PRE-NURTURE,CLASS VIII,1
ROHTAK,PRE-MEDICAL,ENTHUSE,1
SRINAGAR,PRE-NURTURE,CLASS X,2
VADODARA,JEE MAIN + ADVANCED,NURTURE,8
BHOPAL,PRE-MEDICAL,NURTURE,6
GUWAHATI,JEE MAIN + ADVANCED,LEADER,5
GWALIOR,JEE MAIN + ADVANCED,LEADER,2
BENGALURU,JEE MAIN + ADVANCED,"NURTURE,CLASS VIII",2
GUWAHATI,PRE-NURTURE,CLASS VI,1
INDORE,BOARD,CLASS X,4
PUDUCHERRY,PRE-MEDICAL,"NURTURE,LEADER",1
SURAT,PRE-NURTURE,CLASS VII,1
VADODARA,PRE-MEDICAL,NURTURE,10
BHUBANESWAR,JEE MAIN + ADVANCED,"CLASS IX,CLASS X",3
BHILWARA,JEE MAIN + ADVANCED,LEADER,2
CHURU-TARANAGAR,PRE-NURTURE,CLASS VIII,4
PANCHKULA,PRE-NURTURE,CLASS VI,1
BENGALURU,PRE-NURTURE,"CLASS VI,CLASS VII,CLASS VIII,CLASS IX,CLASS X",2
DELHI,PRE-MEDICAL,LEADER,2
MANGALURU,PRE-MEDICAL,LEADER,5
PAVAAI,PRE-NURTURE,CLASS VII,1
PAVAAI,PRE-NURTURE,CLASS VIII,1
VADODARA,PRE-MEDICAL,"",2
RAIPUR,JEE MAIN + ADVANCED,"",2
ALLEN DIGITAL,PRE-MEDICAL,"ENTHUSE,NURTURE,LEADER",1
LATUR,PRE-MEDICAL,"",0
INDORE,PRE-NURTURE,"",0
NAGPUR,PRE-MEDICAL,"",2
PAAVAI,PRE-NURTURE,CLASS IX,2
